# Permanent Redirects
/tools/vscode/articles/frameworks/aura                          /tools/vscode/en/aura                                     301
/tools/vscode/articles/frameworks/lwc                           /tools/vscode/en/lwc                                      301
/tools/vscode/articles/frameworks/visualforce                   /tools/vscode/en/visualforce                              301
/tools/vscode/articles/getting-started/prettier                 /tools/vscode/articles/user-guide/prettier                301
/tools/vscode/articles/user-guide/org-development-model         /tools/vscode/articles/user-guide/development-models      301
/tools/vscode/articles/user-guide/package-development-model     /tools/vscode/articles/user-guide/development-models      301
/tools/vscode/articles/user-guide/cli-commands                  /tools/vscode/articles/user-guide/vscode-commands         301
/tools/vscode/articles/*                                        /tools/vscode/en/:splat                                   301   
/tools/vscode/articles-jp/*                                     /tools/vscode/ja/:splat                                   301
/tools/vscode/jp/*                                              /tools/vscode/ja/:splat 

# Temporary Redirects for convenience
/tools/vscode/en/                               /tools/vscode/                          302
/tools/vscode/en/aura                           /tools/vscode/en/aura/writing           302
/tools/vscode/jp/aura                           /tools/vscode/ja/aura/writing           302
/tools/vscode/en/lwc                            /tools/vscode/en/lwc/writing            302
/tools/vscode/jp/lwc                            /tools/vscode/ja/lwc/writing            302
/tools/vscode/en/visualforce                    /tools/vscode/en/visualforce/writing    302
/tools/vscode/jp/visualforce                    /tools/vscode/jp/visualforce/writing    302
/tools/vscode/en/lwc/write-lwc                  /tools/vscode/en/lwc/writing            302
